variable,r_squared,vif
gdp_per_capita,0.8605288083850733,7.169939457898604
urbanization,0.8136125386918592,5.365167769235148
innovation,0.7917433774823502,4.801768068217134
government_intervention,0.711015108144949,3.46038851228797
energy_structure,0.618339435902221,2.6201292301811048
digital_finance,0.5190898688765966,2.0793905873099523
industrial_structure,0.4557048102238581,1.8372383566558446
