period,start_year,end_year,stage_note,n_obs,n_provinces,digital_finance_coef,digital_finance_std_err,digital_finance_t_value,digital_finance_p_value,r_squared,interpretation_note
2011-2016,2011,2016,数字普惠金融扩张早期,180,30,0.0047223399315462124,0.016141249467372668,0.29256346858970106,0.7698558403514502,0.5167425958164551,"Use as period heterogeneity evidence, not causal proof."
2017-2022,2017,2022,数字普惠金融深化阶段,180,30,0.009219872004397866,0.010653767686947847,0.8654095222757038,0.3868140563994712,0.5125695380615118,"Use as period heterogeneity evidence, not causal proof."
