,carbon_intensity,digital_finance,gdp_per_capita,industrial_structure,urbanization,government_intervention,innovation,energy_structure
carbon_intensity,1.0,-0.2675662567737229,-0.3463595457992758,0.2540977796142795,-0.23641577460670685,0.3578083300524815,-0.34827575728061655,0.5591840606827009
digital_finance,-0.2675662567737229,1.0,0.6542596905191483,-0.4359364208817677,0.5160861439666884,-0.18525588593559802,0.4760400656241636,-0.30443999600945365
gdp_per_capita,-0.3463595457992758,0.6542596905191483,1.0,-0.3882352822281372,0.844933205879517,-0.40974717500997754,0.7143162960541578,-0.5927577026407541
industrial_structure,0.2540977796142795,-0.4359364208817677,-0.3882352822281372,1.0,-0.3665761174094036,-0.22911627647305252,-0.19979391483925044,0.5835985388969017
urbanization,-0.23641577460670685,0.5160861439666884,0.844933205879517,-0.3665761174094036,1.0,-0.33180061717654974,0.5272939435700327,-0.5588236320976931
government_intervention,0.3578083300524815,-0.18525588593559802,-0.40974717500997754,-0.22911627647305252,-0.33180061717654974,1.0,-0.4464639284659055,0.17047333613243315
innovation,-0.34827575728061655,0.4760400656241636,0.7143162960541578,-0.19979391483925044,0.5272939435700327,-0.4464639284659055,1.0,-0.4637041529799563
energy_structure,0.5591840606827009,-0.30443999600945365,-0.5927577026407541,0.5835985388969017,-0.5588236320976931,0.17047333613243315,-0.4637041529799563,1.0
