region,n_provinces,n_obs,digital_finance_coef,digital_finance_std_err,digital_finance_t_value,digital_finance_p_value,r_squared,interpretation_note
东部,10,120,-0.006470789679884234,0.00316900664197912,-2.0418984277808496,0.0411616077741539,0.842526240031618,
中部,6,72,-0.19784545327085892,0.05391566540357827,-3.6695355939672467,0.00024299150409963613,0.6737822616249598,
西部,11,132,-0.004937667378829724,0.023330882573943793,-0.21163654496054812,0.8323905963108464,0.7216623450613238,
东北,3,36,0.05870008081648587,0.01004258136866229,5.845118765943834,5.062069751337312e-09,0.9837782784816933,Interpret cautiously: Northeast has only 3 provinces.
