variable,local_coefficient,local_p_value,spatial_lag_coefficient,spatial_lag_p_value,simple_indirect_multiplier,simple_total_multiplier,interpretation_note
digital_finance,0.015530329455986857,0.2034878829809279,-0.013936378270005432,0.4912664695551209,0.09944419001141824,1.0994441900114182,local coefficient is X effect; spatial_lag_coefficient is W_X spillover term
gdp_per_capita,0.051528644635824405,0.648813214132559,0.713880621048788,0.0007274085046194653,0.09944419001141824,1.0994441900114182,local coefficient is X effect; spatial_lag_coefficient is W_X spillover term
industrial_structure,2.9663939491356923,0.05976086380190899,11.71112397215135,1.7804397984020547e-05,0.09944419001141824,1.0994441900114182,local coefficient is X effect; spatial_lag_coefficient is W_X spillover term
urbanization,4.934393677364096,0.008248851744286275,-4.275655736861152,0.21939646786153877,0.09944419001141824,1.0994441900114182,local coefficient is X effect; spatial_lag_coefficient is W_X spillover term
government_intervention,-5.725638305649803,0.002954136521718287,-6.643020353985769,0.06084069744137065,0.09944419001141824,1.0994441900114182,local coefficient is X effect; spatial_lag_coefficient is W_X spillover term
innovation,-1.6298631417695142,1.4031994606800038e-25,-1.5079757828201859,0.00014813887559831206,0.09944419001141824,1.0994441900114182,local coefficient is X effect; spatial_lag_coefficient is W_X spillover term
energy_structure,4.009230884975754,0.0019034829335309203,4.889364165333957,0.04862095959381482,0.09944419001141824,1.0994441900114182,local coefficient is X effect; spatial_lag_coefficient is W_X spillover term
