,count,mean,std,min,25%,50%,75%,max
carbon_intensity,360.0,2.148363222916916,2.209976850353424,0.1499306414520237,0.8222249505625923,1.3538116281824553,2.4658983846421405,12.61075247712684
digital_finance,360.0,243.92761656630518,107.63992807707238,18.33,165.53,255.9305905242993,330.6968790922597,460.6908552828697
gdp_per_capita,360.0,5.984113769765153,3.2180033021866534,1.612039660056657,3.7864305016365987,5.158407498756571,7.059740124447597,20.706227106227107
industrial_structure,360.0,0.396282496651138,0.08015889700071822,0.1532272307005059,0.3625548922972299,0.4033222904714939,0.4497482028745513,0.6133701647418015
urbanization,360.0,0.6011875845186069,0.12056373909637662,0.3504249291784702,0.5176343024498258,0.5875580345902133,0.6610545114664352,0.8958333333333334
government_intervention,360.0,0.25411503955904574,0.10903454699162496,0.104928370690246,0.18400992346413028,0.22698727283349124,0.30825554396500315,0.7487886814393694
innovation,360.0,10565.68888888889,16294.14024268676,70.0,1577.0,4278.0,11545.5,115080.0
energy_structure,360.0,0.6871020735938647,0.18216400115821602,0.021399378346544,0.5849089648883969,0.6967587343084083,0.8187623763782257,0.9839649609173484
