,carbon_intensity,digital_finance,gdp_per_capita,industrial_structure,urbanization,government_intervention,innovation,energy_structure
carbon_intensity,1.0,-0.242560278293255,-0.33227366660750907,0.25014027474187184,-0.2400142010417448,0.3717513724129125,-0.5338516446682569,0.44755879652917907
digital_finance,-0.242560278293255,1.0,0.6178824369647621,-0.4359364208817677,0.5160861439666884,-0.18525588593559802,0.526326656484552,-0.5417693277358632
gdp_per_capita,-0.33227366660750907,0.6178824369647621,1.0,-0.35186179535570217,0.8920411352753979,-0.43544243199751387,0.6905469412246203,-0.6832938774025316
industrial_structure,0.25014027474187184,-0.4359364208817677,-0.35186179535570217,1.0,-0.3665761174094036,-0.22911627647305252,-0.0868606837465208,0.5705428665054614
urbanization,-0.2400142010417448,0.5160861439666884,0.8920411352753979,-0.3665761174094036,1.0,-0.33180061717654974,0.5758846820474404,-0.6877920033533512
government_intervention,0.3717513724129125,-0.18525588593559802,-0.43544243199751387,-0.22911627647305252,-0.33180061717654974,1.0,-0.7731086437059452,0.12119617062643004
innovation,-0.5338516446682569,0.526326656484552,0.6905469412246203,-0.0868606837465208,0.5758846820474404,-0.7731086437059452,1.0,-0.43292021403741404
energy_structure,0.44755879652917907,-0.5417693277358632,-0.6832938774025316,0.5705428665054614,-0.6877920033533512,0.12119617062643004,-0.43292021403741404,1.0
