variable,local_coefficient,local_p_value,spatial_lag_coefficient,spatial_lag_p_value,simple_indirect_multiplier,simple_total_multiplier,interpretation_note
digital_finance,0.0304502655192384,0.00923267822314231,-0.027107202357800786,0.1642895185324278,0.08894672397371406,1.088946723973714,local coefficient is X effect; spatial_lag_coefficient is W_X spillover term
gdp_per_capita,-0.05141301689108618,0.6338573888485789,0.6306980573463973,0.002035491030595728,0.08894672397371406,1.088946723973714,local coefficient is X effect; spatial_lag_coefficient is W_X spillover term
industrial_structure,2.5122020859329064,0.09915970262958826,11.573353781126661,1.0977561340788963e-05,0.08894672397371406,1.088946723973714,local coefficient is X effect; spatial_lag_coefficient is W_X spillover term
urbanization,5.972710666529141,0.0007922435599085497,-2.694760471032292,0.4183371358561301,0.08894672397371406,1.088946723973714,local coefficient is X effect; spatial_lag_coefficient is W_X spillover term
government_intervention,-3.7062074283402215,0.04814201012567589,-4.231628702468866,0.21748869938253634,0.08894672397371406,1.088946723973714,local coefficient is X effect; spatial_lag_coefficient is W_X spillover term
innovation,-1.4596398015938188,1.5726862755750864e-21,-1.187132333604195,0.001959411437646561,0.08894672397371406,1.088946723973714,local coefficient is X effect; spatial_lag_coefficient is W_X spillover term
energy_structure,6.933719356821426,6.358133387170253e-09,2.020047591185627,0.3814969851112119,0.08894672397371406,1.088946723973714,local coefficient is X effect; spatial_lag_coefficient is W_X spillover term
