region,n_provinces,n_obs,digital_finance_coef,digital_finance_std_err,digital_finance_t_value,digital_finance_p_value,r_squared,interpretation_note
东部,10,120,-0.00548309025642553,0.0029581992074533413,-1.8535229955476258,0.06380743328568225,0.8488657639606175,
中部,6,72,-0.06319937464460837,0.052117191979953896,-1.2126396730836357,0.22526761376559,0.7401612346889553,
西部,11,132,-0.0016876613383267208,0.022805267006324802,-0.0740031387424083,0.9410078877559191,0.7347200628684125,
东北,3,36,0.058960515278782336,0.010007135378084802,5.891847471945202,3.819016083518268e-09,0.9837834998946726,Interpret cautiously: Northeast has only 3 provinces.
