variable,r_squared,vif
gdp_per_capita,0.8535516773369746,6.828347240964852
urbanization,0.7338175536601724,3.7568217354322773
energy_structure,0.5723837574947401,2.3385454073057095
innovation,0.5694893715020513,2.3228230241120857
industrial_structure,0.559628109052158,2.270807970616909
digital_finance,0.5251120129826619,2.1057597314279715
government_intervention,0.38615349589446846,1.6290717521592035
