variable,r_squared,vif
gdp_per_capita,0.8608236377050753,7.185128160491279
urbanization,0.8107550719909408,5.284157470006962
innovation,0.7932543915372987,4.836862110086409
government_intervention,0.7118687318714165,3.4706403317314836
energy_structure,0.6024523896963956,2.5154219874100283
digital_finance,0.5174157903174721,2.0721772074926745
industrial_structure,0.46459573878671123,1.8677475553404876
