variable,local_coefficient,local_p_value,spatial_lag_coefficient,spatial_lag_p_value,simple_indirect_multiplier,simple_total_multiplier,interpretation_note
digital_finance,0.011078443726394388,0.3753633233833059,-0.06515915563645167,0.002278800901666873,0.04924931015613776,1.0492493101561378,local coefficient is X effect; spatial_lag_coefficient is W_X spillover term
gdp_per_capita,0.050043988413316684,0.5424177152506504,0.02243866698428388,0.8955715864364943,0.04924931015613776,1.0492493101561378,local coefficient is X effect; spatial_lag_coefficient is W_X spillover term
industrial_structure,3.827911572718489,0.02736475234903203,7.4384023400516766,0.027163190762072447,0.04924931015613776,1.0492493101561378,local coefficient is X effect; spatial_lag_coefficient is W_X spillover term
urbanization,4.028803377451106,0.024947140049039706,8.914638063549578,0.0022098360413353247,0.04924931015613776,1.0492493101561378,local coefficient is X effect; spatial_lag_coefficient is W_X spillover term
government_intervention,7.950792757938334,2.765655474201806e-09,2.738747581032733,0.21029814558598148,0.04924931015613776,1.0492493101561378,local coefficient is X effect; spatial_lag_coefficient is W_X spillover term
innovation,1.7519679461140556e-05,0.04217623333050871,6.914460374791303e-05,3.062812434543914e-07,0.04924931015613776,1.0492493101561378,local coefficient is X effect; spatial_lag_coefficient is W_X spillover term
energy_structure,7.456921206340606,2.0241763463358894e-21,4.666355004900473,0.005031600491710122,0.04924931015613776,1.0492493101561378,local coefficient is X effect; spatial_lag_coefficient is W_X spillover term
